id,postId,filename
113,1,VelIpsum.avi
16,2,ErosSuspendisseAccumsan.avi
57,2,PrimisIn.ppt
129,4,NonMi.xls
90,5,Condimentum.pdf
125,6,In.mpeg
37,7,MaecenasUt.jpeg
38,11,ElementumNullamVarius.xls
2,12,DapibusDuisAt.mp3
35,12,TinciduntIn.mp3
71,14,AccumsanTellusNisi.xls
120,14,Odio.tiff
78,16,Metus.xls
130,16,IdNulla.png
117,17,Turpis.tiff
119,19,Pellentesque.xls
58,21,PhasellusSit.mp3
93,21,Lobortis.avi
79,22,AIpsum.gif
5,24,NibhIn.mp3
73,24,ConvallisDuisConsequat.ppt
96,24,VestibulumAliquetUltrices.gif
89,26,Maecenas.xls
24,28,SedMagna.ppt
88,29,Sapien.gif
76,31,QuisTurpis.tiff
107,32,Dictumst.png
59,35,Eget.mp3
69,35,QuisTurpisEget.txt
25,38,ConvallisTortor.mp3
124,40,AmetLobortisSapien.tiff
111,41,Sapien.avi
45,44,NullaEgetEros.mp3
44,47,FeugiatEtEros.avi
115,47,Sed.mov
123,48,VestibulumVelitId.txt
28,49,Lobortis.pdf
34,50,TortorDuisMattis.doc
18,52,ASuscipitNulla.tiff
85,52,Dui.ppt
122,52,MiNulla.tiff
49,54,HacHabitassePlatea.doc
87,55,TurpisA.ppt
52,56,NullaUltricesAliquet.avi
68,57,In.pdf
103,58,Pretium.mp3
106,58,Vel.ppt
6,59,Volutpat.avi
134,60,VivamusTortorDuis.mpeg
141,61,ArcuLibero.gif
46,65,Vivamus.mp3
83,65,PrimisInFaucibus.mp3
109,65,Ultrices.ppt
8,66,LuctusEtUltrices.avi
14,66,DictumstAliquamAugue.xls
118,66,ConvallisNunc.mpeg
132,67,DapibusNullaSuscipit.jpeg
92,68,Donec.ppt
32,71,NamTristique.mp3
56,71,VestibulumSitAmet.mp3
15,73,LobortisConvallisTortor.mp3
102,74,Potenti.avi
54,75,Vestibulum.xls
82,75,PortaVolutpatQuam.ppt
136,76,Mauris.xls
43,106,DonecSemper.txt
127,106,Diam.tiff
91,78,Nunc.ppt
4,80,NullaPede.mov
138,80,DuisAliquamConvallis.xls
61,82,TinciduntLacusAt.ppt
144,83,IaculisJustoIn.xls
62,84,ConvallisTortor.pdf
11,85,At.ppt
9,86,Justo.avi
121,87,AcConsequatMetus.avi
12,88,Cras.jpeg
99,88,TempusSemper.xls
142,88,LuctusEtUltrices.xls
17,90,Nibh.avi
114,90,NislNuncNisl.tiff
21,91,LaciniaErat.jpeg
13,93,EstDonec.tiff
100,93,AtIpsum.avi
26,95,Consectetuer.avi
42,96,InterdumMauris.txt
64,96,UllamcorperPurus.xls
116,96,Feugiat.avi
29,100,Lobortis.ppt
67,100,Platea.xls
101,100,VariusUt.mp3
39,102,Integer.avi
137,102,JustoSollicitudin.avi
133,108,AugueLuctusTincidunt.tiff
66,109,Faucibus.mp3
105,109,VitaeIpsum.ppt
126,109,Ligula.avi
10,111,LuctusEtUltrices.avi
33,111,Nullam.mpeg
94,111,Etiam.jpeg
3,113,IpsumDolorSit.mov
135,114,NullaMollis.txt
128,115,PharetraMagna.tiff
145,115,UtUltrices.gif
140,116,NislDuisBibendum.xls
98,118,InAnte.ppt
86,122,VulputateJusto.ppt
110,122,SedVestibulum.gif
27,123,Eget.gif
77,125,SapienUrnaPretium.xls
41,127,SedMagnaAt.avi
81,127,RhoncusAliquamLacus.mp3
139,127,UtAtDolor.avi
23,130,NislDuis.avi
131,130,Dui.mp3
40,131,Non.png
48,131,A.avi
53,133,In.mp3
47,135,PorttitorPede.xls
30,138,Potenti.jpeg
112,142,Mauris.doc
104,143,PlateaDictumstAliquam.pdf
63,146,Pede.avi
55,147,SitAmetCursus.tiff
22,148,DictumstEtiam.tiff
60,149,LacusMorbiSem.mpeg
197,2,HacHabitasse.tiff
158,3,EstDonec.avi
176,5,TortorSollicitudinMi.tiff
255,6,SitAmetJusto.mp3
196,7,SitAmet.xls
232,10,ElementumLigulaVehicula.mp3
290,10,DonecOdioJusto.png
190,11,CurabiturConvallisDuis.xls
256,11,Quisque.jpeg
209,12,AtDolor.avi
207,17,IdSapien.mov
157,18,TortorIdNulla.mov
192,19,VitaeMattis.png
172,20,NullaMollis.png
152,21,NonummyMaecenas.tiff
259,21,Viverra.ppt
242,22,VivamusIn.ppt
182,23,NullaMollis.jpeg
249,23,PotentiInEleifend.xls
272,25,SedAugueAliquam.ppt
162,107,PlateaDictumstMorbi.png
270,107,DuiNecNisi.avi
179,28,MaurisSitAmet.ppt
212,29,OdioPorttitorId.mp3
289,29,IpsumPrimis.ppt
265,30,Tincidunt.jpeg
286,32,Maecenas.xls
221,33,CurabiturConvallisDuis.mov
245,35,Porttitor.xls
248,35,Lorem.mpeg
276,35,IdPretium.xls
156,40,LacusMorbi.avi
186,41,Et.avi
164,43,Aliquam.ppt
237,43,VivamusVelNulla.mp3
175,45,Accumsan.xls
203,45,NecDui.doc
224,46,ViverraDapibus.txt
278,47,Morbi.ppt
183,48,NecMolestieSed.ppt
227,51,NecDui.png
150,52,Ipsum.mpeg
167,52,UtNulla.xls
268,77,MorbiA.txt
215,53,NuncRhoncus.mp3
226,53,MassaIdLobortis.ppt
240,54,ElementumNullam.avi
213,55,SedVelEnim.ppt
269,55,DiamVitae.xls
281,56,Ac.ppt
223,60,Amet.pdf
154,62,DonecVitae.xls
159,64,IntegerAliquet.jpeg
195,65,IaculisCongueVivamus.mp3
177,66,EuNibhQuisque.ppt
191,67,UtAtDolor.avi
171,70,IdConsequatIn.doc
204,71,LuctusEt.ppt
243,71,InEleifend.xls
241,72,NisiEu.xls
194,75,Bibendum.jpeg
280,75,In.tiff
185,76,LigulaNec.mp3
233,76,Penatibus.ppt
252,76,HabitassePlatea.xls
267,76,CursusUrnaUt.avi
200,78,InCongue.xls
220,80,Quis.mov
216,81,ProinLeoOdio.png
266,82,DuiMaecenasTristique.txt
193,83,IdPretiumIaculis.ppt
189,88,SedAnte.avi
246,88,SitAmetErat.mp3
235,92,SollicitudinMi.mp3
282,93,VestibulumAnte.gif
168,95,AliquetPulvinarSed.txt
174,95,VestibulumQuam.xls
155,96,Magnis.mp3
147,97,Penatibus.pdf
199,97,VestibulumAnte.mp3
231,97,Velit.xls
234,99,NamUltricesLibero.xls
160,100,QuisTurpis.mpeg
161,102,Semper.txt
211,102,Enim.avi
239,104,Ullamcorper.txt
258,104,ElitProinRisus.gif
222,105,BlanditLacinia.ppt
250,105,Vestibulum.mov
283,105,BlanditNamNulla.avi
149,111,CurabiturAt.ppt
285,111,RutrumRutrumNeque.jpeg
181,112,Sagittis.jpeg
178,114,QuisOrciEget.xls
260,114,DuiLuctus.gif
206,116,CongueEtiam.txt
261,116,Volutpat.avi
219,118,CumSociisNatoque.pdf
277,119,Metus.xls
187,121,NuncCommodo.xls
264,123,TinciduntEuFelis.doc
165,126,Vivamus.ppt
218,126,FaucibusOrci.avi
151,127,Suspendisse.png
244,128,DonecPharetraMagna.xls
184,129,SemperSapien.ppt
146,130,SitAmetJusto.jpeg
284,131,Nibh.ppt
201,133,Mi.tiff
198,135,NislAeneanLectus.ppt
236,135,EratCurabitur.avi
257,135,TemporTurpisNec.mpeg
173,138,EtMagnis.mp3
254,138,NullaQuisqueArcu.xls
170,139,Nisl.xls
279,139,HendreritAtVulputate.avi
225,140,AnteVestibulum.avi
287,140,EstRisus.ppt
166,141,PedeVenenatisNon.ppt
217,141,Orci.avi
169,142,HabitassePlateaDictumst.mov
274,143,EgetCongue.txt
188,144,OrnareConsequat.doc
148,149,Ultrices.xls
180,149,A.xls
273,149,InSagittisDui.xls
7,1,Lectus.avi
208,1,UtUltrices.xls
31,6,Vulputate.doc
214,8,OrciPedeVenenatis.jpeg
297,11,HacHabitassePlatea.mp3
70,14,PharetraMagna.mp3
229,19,Tristique.avi
95,22,VivamusTortor.tiff
262,22,DictumstAliquamAugue.doc
84,31,Volutpat.xls
202,31,AmetEleifendPede.mpeg
292,38,NullaIntegerPede.gif
1,41,EtErosVestibulum.tiff
247,42,NequeSapienPlacerat.png
300,45,Suspendisse.ppt
288,51,IntegerNonVelit.xls
19,52,PhasellusIdSapien.mp3
293,77,EtUltrices.mp3
72,58,NullaInteger.xls
228,59,Nisi.avi
65,65,ConsequatUtNulla.mp3
294,67,Nulla.doc
263,69,EuEstCongue.avi
298,70,Porttitor.mpeg
20,71,ConvallisNuncProin.ppt
271,75,RutrumNeque.doc
80,106,RisusPraesentLectus.jpeg
210,78,ConsequatNullaNisl.ppt
295,82,OrciLuctus.mov
50,87,PretiumQuisLectus.avi
163,89,PrimisInFaucibus.tiff
97,94,NecCondimentum.ppt
291,98,DuisBibendum.ppt
205,100,DisParturient.png
36,102,EgetVulputateUt.avi
51,110,VehiculaConsequat.ppt
238,111,Eget.avi
251,115,Vivamus.mpeg
75,119,EgestasMetus.xls
275,120,TurpisNecEuismod.mp3
299,128,Integer.ppt
108,129,InHacHabitasse.tiff
253,130,EratCurabitur.mpeg
74,133,AtFeugiat.tiff
153,137,ParturientMontesNascetur.avi
296,142,MorbiUt.mpeg
230,143,ConvallisEgetEleifend.png
143,147,LectusPellentesqueAt.xls
